username,created,text,retwc,hashtag,followers,friends,location,age
Ashley Marie üíô,2018-01-21 20:43:58,b'RT @TeamUSA: \xe2\x9c\x85 QUALIFIED! He is back again! Sochi bronze medalist @NickGoepper is going to his 2nd #WinterOlympics! \xe2\x9b\xb7 \xe2\x9e\xa1\xef\xb8\x8f https://t.co/HHUVs\xe2\x80\xa6',3,WinterOlympics,137,401,
fcuk81v4,2018-01-21 20:43:57,"b""@TBEM80 I predicted that she'd been touched up inappropriately at the last Olympics.""",0,None,650,445,
‚úñÔ∏èlet me breathe let me live please‚úñÔ∏è,2018-01-21 20:43:54,"b""RT @jiminrnb: Of course you're not doing well sir its literally youR OWn fauLT that you and yoongi rap like yall are speeding down the trac\xe2\x80\xa6""",4443,None,115,97,My house
üíé DaughterOfTheMostHighKing üíé,2018-01-21 20:43:51,"b""RT @lxsxgo: Bikini Olympics on the TL, I'm experiencing difficulty with breathing https://t.co/h36A5tW2yP""",420,None,2180,2092,Polokwane. Mokopane. Pretoria.
Roll Out the Barrel,2018-01-21 20:43:46,b'@AdamRogers2030 @HelenClarkNZ @martinfredras @NiliMajumder @ScheuerJo @wheelsofhoperis @ggonzzalezz\xe2\x80\xa6 https://t.co/5wbUVTb29p',0,None,1647,1645,"Isle of Wight, England"
NBC4 Columbus,2018-01-21 20:43:44,b'Tonga flag bearer from Rio qualifies for Winter Olympics https://t.co/Hy1Vz0Yo4i https://t.co/8Ivn10IOqb',0,None,152267,5958,"Columbus, Ohio"
MR.CARTER,2018-01-21 20:43:40,b'RT @TeamUSA: \xe2\x9c\x85 QUALIFIED! He is back again! Sochi bronze medalist @NickGoepper is going to his 2nd #WinterOlympics! \xe2\x9b\xb7 \xe2\x9e\xa1\xef\xb8\x8f https://t.co/HHUVs\xe2\x80\xa6',3,WinterOlympics,1114,296,
Hoboken Ski Club,2018-01-21 20:43:40,b'The Hoboken Ski was watching World Cup Freestyle competition from the Olympics jumping complex this weekend on our\xe2\x80\xa6 https://t.co/L1GWMboX39',0,None,736,111,"Hoboken, NJ"
Tina Padgett,2018-01-21 20:43:33,b'RT @oldnsold2013: Check out Lot Of 9 BSA Boy Scouts Rare Mug Collection Iran Piedmont Olympics   https://t.co/Jy6D9tgaWq via @eBay',2,None,1925,2285,Daytona Beach FL
bill webb,2018-01-21 20:43:29,b'RT @TeamUSA: \xe2\x9c\x85 QUALIFIED! He is back again! Sochi bronze medalist @NickGoepper is going to his 2nd #WinterOlympics! \xe2\x9b\xb7 \xe2\x9e\xa1\xef\xb8\x8f https://t.co/HHUVs\xe2\x80\xa6',3,WinterOlympics,1342,2166,new castle indiana
Burlington VT,2018-01-21 20:43:26,b'Vermonters heading to the 2018 Winter Olympics in Pyeongchang https://t.co/4VLFY1tHjy https://t.co/JZH6s3VfBJ',0,None,535,809,
Ivan Fuentes,2018-01-21 20:43:25,b'To the Sponsors of PyeongChang 2018 Winter Olympics in South Korea: please help bring an end to the d... https://t.co/TO5cXn5WPu via @Change',0,None,110,1183,
Cathy,2018-01-21 20:43:22,b'It\xe2\x80\x99s Official! North Korea Is Heading To The Winter Olympics https://t.co/adcXsqRQGR',0,None,1018,402, 
Cheezits,2018-01-21 20:43:17,b'RT @wesley_jordan: The US Olympics Gymnastics team won gold after gold despite being molested since they were little girls by their team Dr\xe2\x80\xa6',527,None,969,1311,"Massachusetts, USA"
U.S. Olympic Team,2018-01-21 20:43:09,b'\xe2\x9c\x85 QUALIFIED! He is back again! Sochi bronze medalist @NickGoepper is going to his 2nd #WinterOlympics! \xe2\x9b\xb7 \xe2\x9e\xa1\xef\xb8\x8f\xe2\x80\xa6 https://t.co/aY2ZLmx5dD',3,WinterOlympics,1934703,2271,
Mallory Wechsler,2018-01-21 20:43:08,"b""RT @IainLJBrown: Preparing Homan, Koe is Curling Canada's No. 1 Olympic priority, how is #analytics providing an advantage? #TeamCanada htt\xe2\x80\xa6""",19,analytics,18,112,"New York, USA"
tyra stankz.,2018-01-21 20:43:05,"b""RT @espn: He's baaaaaaaack. \n\nBelieve it. Pita Taufatofua, the shirtless Tongan flag-bearer from Rio 2016 has qualified for the Winter Olym\xe2\x80\xa6""",434,None,236,229,
Denver Post Olympics,2018-01-21 20:43:04,b'Vail\xe2\x80\x99s Sarah Schleper gears up for fifth Olympics https://t.co/1cHluFSrif',0,None,486,537,"Denver, CO"
Steve Ratcliffe,2018-01-21 20:43:02,b'RT @TheHirstComment: YES YES YES .......   \n\nJacob Rees-Mogg supports calls for \xe2\x80\x98biggest party since Olympics\xe2\x80\x99 to celebrate Brexit     \n\nht\xe2\x80\xa6',96,None,207,349,
Kurt,2018-01-21 20:43:02,b'RT @BedfordGBB: Shout out to all the people and the members of our basketball team who volunteered and came out to support the Bedford Spec\xe2\x80\xa6',3,None,43,170,
E. Van Every GET RID OF THE NAZIS,2018-01-21 20:43:00,"b""There's something both exasperatingly cheesy and kind of heartbreaking about Javier Fernandez skating to Man of La\xe2\x80\xa6 https://t.co/W1AMbKIPPM""",0,None,698,488,
Adam Yusuf,2018-01-21 20:42:59,"b'RT @bukolasaraki: I am super proud of Seun Adigun, Ngozi Onwumere and Akuoma Omeoga. \n\nThese 3 young women are defying all odds and making\xe2\x80\xa6'",109,None,209,541,Nigeria
TaeJin enthusiast ; a s h // semi ia,2018-01-21 20:42:52,"b""RT @jiminrnb: Of course you're not doing well sir its literally youR OWn fauLT that you and yoongi rap like yall are speeding down the trac\xe2\x80\xa6""",4443,None,721,1140,Philippines
Florian Vidal,2018-01-21 20:42:42,"b'RT @serenawilliams: This video literally gave me chills, I am so excited to watch Nigeria compete in the winter Olympics bobsledding race t\xe2\x80\xa6'",10206,None,407,53,
Get Coached,2018-01-21 20:42:35,b'Good luck to our local champ heading to the Winter Olympics! #SelfBelief #Motivated #Strong #fast #TeamGB... https://t.co/TqrE8hyUog',0,SelfBelief,90,133,Ayrshire
KATHIE GNOLFO,2018-01-21 20:42:35,b'https://t.co/tOleOiwygv\nVERY COOL AND I WILL BE PRAYING IN INTERCESSION FOR KOREA AS A UNITED COUNTRY \nTHAT THEY WO\xe2\x80\xa6 https://t.co/xOclQlw8IE',0,None,34,430,
jeffmetcalfe,2018-01-21 20:42:28,b'Winter Olympics in film https://t.co/zEs4wwH4fg',0,None,7733,7751,Metro Phoenix
Nykyo,2018-01-21 20:42:21,b'RT @sreidocregister: Road to @pyeongchang Adam Rippon @Adaripp finds himself on and off the ice on the way to the Olympics @TeamUSA @USFigu\xe2\x80\xa6',2,None,187,504,
Aggy,2018-01-21 20:42:16,b'RT @nessvdh: @LynnRaisman @USAGym @KerryJPerry Are you kidding me?!? SHAME on you @USAGym. The public is disgusted and outraged by the cowa\xe2\x80\xa6',1,None,1840,1730,
Marie-Eve Mongrain,2018-01-21 20:42:14,b'@socalixte @CBCNews No problem. They are shuffling teams to find the best pairings for the olympics.',0,None,2117,1872,
changkyun is my main vocal,2018-01-21 20:42:11,b'RT @illest_maknae: Changkyun: MONSTA X WORLD TOUR 2018\n\nMe: *applying for jobs like it was the olympics to able to support them* https://t.\xe2\x80\xa6',13,None,559,468,
Buzi Brown,2018-01-21 20:42:05,"b'RT @serenawilliams: This video literally gave me chills, I am so excited to watch Nigeria compete in the winter Olympics bobsledding race t\xe2\x80\xa6'",10206,None,729,540,Lasgidi
Madison Call,2018-01-21 20:42:04,b'Every 4 years I become VERY INTERESTED in the Winter Olympics and it\xe2\x80\x99s really only because of @shaunwhite',0,None,108,133,
Rena meeter,2018-01-21 20:42:03,b'RT @TeamUSA: \xe2\x9c\x85 QUALIFIED! We can\xe2\x80\x99t wait to watch @Jared_Goldberg race by in the downhill ski event at the #WinterOlympics! #FastandFurious\xe2\x80\xa6',13,WinterOlympics,6091,2421,"Lakewood, CO"
jahkottaüññüèæüë©üèæ‚ÄçüöÄ,2018-01-21 20:41:58,b'Pita  Taufatofua qualified for the Olympics \xf0\x9f\x99\x8c\xf0\x9f\x8f\xbe',0,None,1142,1162,Hawaii
Skiin üê± Glee,2018-01-21 20:41:57,"b""Head of North Korean girl band handpicked by Kim Jong-un to lead the country's team to the historic Winter Olympics\xe2\x80\xa6 https://t.co/OY7ugPtjNp""",0,None,14079,12811,Right here. Meow to you too!
Inside Skating,2018-01-21 20:41:48,b'RT @sywtwfs: Team Russia/OAR for the 2018 Olympics (pending clearance from IOC) https://t.co/d8tfVE02La https://t.co/lQWBXPK6mC',50,None,5453,656,
Olawunmi,2018-01-21 20:41:48,"b'RT @serenawilliams: This video literally gave me chills, I am so excited to watch Nigeria compete in the winter Olympics bobsledding race t\xe2\x80\xa6'",10206,None,384,390,Gidi
Moody Steve,2018-01-21 20:41:43,"b'RT @ucjtlllll: @FreeMyNation My mother was Danish ... and I went to the 1980 &amp; 1984 Olympics, 4 World Student Games - carried GB flag in op\xe2\x80\xa6'",46,None,294,260,
dosh diddle,2018-01-21 20:41:43,b'RT @TheHirstComment: YES YES YES .......   \n\nJacob Rees-Mogg supports calls for \xe2\x80\x98biggest party since Olympics\xe2\x80\x99 to celebrate Brexit     \n\nht\xe2\x80\xa6',96,None,346,293,
meshka the kvetch,2018-01-21 20:41:43,"b""I really like Javi's Don Quixote program. I don't always like his programs, so I'm glad he's skating this at the Olympics""",0,None,240,147,Boston(ish)
Radiostudioweb,2018-01-21 20:41:41,b'Avril Lavigne - Fly for Special Olympics',0,None,391,244,Italy/Chile
Guro Margrethe,2018-01-21 20:41:27,b'To the Sponsors of PyeongChang 2018 Winter Olympics in South Korea: please help bring an end to the d... https://t.co/CwdUezuGdO via @Change',0,None,208,476,
anne-marie B.D,2018-01-21 20:41:26,b'RT @Sportsnet: USA hockey GM Jim Johannson passes away unexpectedly at Colorado Springs home: https://t.co/ycFqA0Kq47 https://t.co/DBu8I4BK\xe2\x80\xa6',6,None,577,991,somewhere in qc 
Victoria Ramle,2018-01-21 20:41:17,b'RT @Cat_Kapow: .@Seoul_gov &amp; #Southkorean #media know that people all around world are boycotting #winterolympics #pyeongchang because of c\xe2\x80\xa6',74,Southkorean,347,1438,
Song-Won Anthony Lee,2018-01-21 20:41:15,"b""RT @annafifield: North Korean singer Hyon Song Wol sets hearts aflutter in South Korea -- which is, of course, exactly what Kim Jong Un's r\xe2\x80\xa6""",64,None,1972,2097,ÎåÄÌïúÎØºÍµ≠
THE MILITARY MATTERS,2018-01-21 20:41:13,b'RT @FIGHTINGVETERAN: @carolehers SHAME ON DALE EARNHARDT JR &gt; @DaleJr Dale Earnhardt Jr. to work Super Bowl and Olympics for @NBC &lt; #Boycot\xe2\x80\xa6',1,None,4512,4011,
Chris 'CT' Tracy,2018-01-21 20:41:10,"b'@sabrinaox The gym is too expensive. If you have stairs, or can go to a relative with stairs - use them! When I was\xe2\x80\xa6 https://t.co/JJ6NWvYBHP'",0,None,7211,7216,Cave Dweller!
no,2018-01-21 20:41:09,"b'RT @Reuters: North Korea to send team to Winter Games, South to consider easing bans after talks https://t.co/V8hVm3sbg1 https://t.co/2m10K\xe2\x80\xa6'",1592,None,47,40,italia
Maggie Dershowitz,2018-01-21 20:41:05,b'Kim Jong Un\xe2\x80\x99s Winter Olympics \xe2\x80\x98Army of Beauties\xe2\x80\x99\xe2\x80\x94and Me https://t.co/OEunKu7STw',0,None,988,887,"Highland Park, NJ"
